Week,Day,Time_Slot,Subject,Expected_Students,Actual_Students,Reduction_Percent,Is_Lab,Is_Free,Expected_Zone_Level,Actual_Zone_Level
1,Monday,8:30-10:15,A,70,59,15.71,No,No,4,3
1,Monday,10:30-12:15,C,60,55,8.33,No,No,3,3
1,Monday,1:10-3:00,F,53,44,16.98,No,No,3,3
1,Monday,3:30-4:45,X,0,0,0.0,No,Yes,0,0
1,Tuesday,8:30-10:15,E,60,52,13.33,No,No,3,3
1,Tuesday,10:30-12:15,F,53,52,1.89,No,No,3,3
1,Tuesday,1:10-3:00,A,70,56,20.0,Yes,No,4,3
1,Tuesday,3:30-4:45,A,70,59,15.71,Yes,No,4,3
1,Wednesday,8:30-10:15,B,65,55,15.38,No,No,4,3
1,Wednesday,10:30-12:15,H,40,39,2.5,No,No,2,2
1,Wednesday,1:10-3:00,F,53,48,9.43,No,No,3,3
1,Wednesday,3:30-4:45,E,60,56,6.67,No,No,3,3
1,Thursday,8:30-10:15,C,60,49,18.33,No,No,3,3
1,Thursday,10:30-12:15,X,0,0,0.0,No,Yes,0,0
1,Thursday,1:10-3:00,H,40,35,12.5,No,No,2,2
1,Thursday,3:30-4:45,X,0,0,0.0,No,Yes,0,0
1,Friday,8:30-10:15,D,39,33,15.38,No,No,2,2
1,Friday,10:30-12:15,B,65,59,9.23,No,No,4,3
1,Friday,1:10-3:00,X,0,0,0.0,No,Yes,0,0
1,Friday,3:30-4:45,Z,70,67,4.29,No,No,4,4
2,Monday,8:30-10:15,A,70,62,11.43,No,No,4,4
2,Monday,10:30-12:15,C,60,59,1.67,No,No,3,3
2,Monday,1:10-3:00,F,53,44,16.98,No,No,3,3
2,Monday,3:30-4:45,X,0,0,0.0,No,Yes,0,0
2,Tuesday,8:30-10:15,E,60,52,13.33,No,No,3,3
2,Tuesday,10:30-12:15,F,53,45,15.09,No,No,3,3
2,Tuesday,1:10-3:00,A,70,65,7.14,Yes,No,4,4
2,Tuesday,3:30-4:45,A,70,56,20.0,Yes,No,4,3
2,Wednesday,8:30-10:15,B,65,53,18.46,No,No,4,3
2,Wednesday,10:30-12:15,H,40,34,15.0,No,No,2,2
2,Wednesday,1:10-3:00,F,53,51,3.77,No,No,3,3
2,Wednesday,3:30-4:45,E,60,54,10.0,No,No,3,3
2,Thursday,8:30-10:15,C,60,59,1.67,No,No,3,3
2,Thursday,10:30-12:15,X,0,0,0.0,No,Yes,0,0
2,Thursday,1:10-3:00,H,40,39,2.5,No,No,2,2
2,Thursday,3:30-4:45,X,0,0,0.0,No,Yes,0,0
2,Friday,8:30-10:15,D,39,34,12.82,No,No,2,2
2,Friday,10:30-12:15,B,65,55,15.38,No,No,4,3
2,Friday,1:10-3:00,X,0,0,0.0,No,Yes,0,0
2,Friday,3:30-4:45,Z,70,56,20.0,No,No,4,3
3,Monday,8:30-10:15,A,70,65,7.14,No,No,4,4
3,Monday,10:30-12:15,C,60,56,6.67,No,No,3,3
3,Monday,1:10-3:00,F,53,48,9.43,No,No,3,3
3,Monday,3:30-4:45,X,0,0,0.0,No,Yes,0,0
3,Tuesday,8:30-10:15,E,60,58,3.33,No,No,3,3
3,Tuesday,10:30-12:15,F,53,52,1.89,No,No,3,3
3,Tuesday,1:10-3:00,A,70,63,10.0,Yes,No,4,4
3,Tuesday,3:30-4:45,A,70,67,4.29,Yes,No,4,4
3,Wednesday,8:30-10:15,B,65,56,13.85,No,No,4,3
3,Wednesday,10:30-12:15,H,40,37,7.5,No,No,2,2
3,Wednesday,1:10-3:00,F,53,44,16.98,No,No,3,3
3,Wednesday,3:30-4:45,E,60,52,13.33,No,No,3,3
3,Thursday,8:30-10:15,C,60,56,6.67,No,No,3,3
3,Thursday,10:30-12:15,X,0,0,0.0,No,Yes,0,0
3,Thursday,1:10-3:00,H,40,33,17.5,No,No,2,2
3,Thursday,3:30-4:45,X,0,0,0.0,No,Yes,0,0
3,Friday,8:30-10:15,D,39,33,15.38,No,No,2,2
3,Friday,10:30-12:15,B,65,60,7.69,No,No,4,3
3,Friday,1:10-3:00,X,0,0,0.0,No,Yes,0,0
3,Friday,3:30-4:45,Z,70,66,5.71,No,No,4,4
4,Monday,8:30-10:15,A,70,60,14.29,No,No,4,3
4,Monday,10:30-12:15,C,60,58,3.33,No,No,3,3
4,Monday,1:10-3:00,F,53,51,3.77,No,No,3,3
4,Monday,3:30-4:45,X,0,0,0.0,No,Yes,0,0
4,Tuesday,8:30-10:15,E,60,60,0.0,No,No,3,3
4,Tuesday,10:30-12:15,F,53,45,15.09,No,No,3,3
4,Tuesday,1:10-3:00,A,70,61,12.86,Yes,No,4,3
4,Tuesday,3:30-4:45,A,70,60,14.29,Yes,No,4,3
4,Wednesday,8:30-10:15,B,65,55,15.38,No,No,4,3
4,Wednesday,10:30-12:15,H,40,36,10.0,No,No,2,2
4,Wednesday,1:10-3:00,F,53,47,11.32,No,No,3,3
4,Wednesday,3:30-4:45,E,60,58,3.33,No,No,3,3
4,Thursday,8:30-10:15,C,60,59,1.67,No,No,3,3
4,Thursday,10:30-12:15,X,0,0,0.0,No,Yes,0,0
4,Thursday,1:10-3:00,H,40,35,12.5,No,No,2,2
4,Thursday,3:30-4:45,X,0,0,0.0,No,Yes,0,0
4,Friday,8:30-10:15,D,39,35,10.26,No,No,2,2
4,Friday,10:30-12:15,B,65,58,10.77,No,No,4,3
4,Friday,1:10-3:00,X,0,0,0.0,No,Yes,0,0
4,Friday,3:30-4:45,Z,70,59,15.71,No,No,4,3
5,Monday,8:30-10:15,A,70,61,12.86,No,No,4,3
5,Monday,10:30-12:15,C,60,53,11.67,No,No,3,3
5,Monday,1:10-3:00,F,53,47,11.32,No,No,3,3
5,Monday,3:30-4:45,X,0,0,0.0,No,Yes,0,0
5,Tuesday,8:30-10:15,E,60,56,6.67,No,No,3,3
5,Tuesday,10:30-12:15,F,53,53,0.0,No,No,3,3
5,Tuesday,1:10-3:00,A,70,64,8.57,Yes,No,4,4
5,Tuesday,3:30-4:45,A,70,67,4.29,Yes,No,4,4
5,Wednesday,8:30-10:15,B,65,60,7.69,No,No,4,3
5,Wednesday,10:30-12:15,H,40,33,17.5,No,No,2,2
5,Wednesday,1:10-3:00,F,53,51,3.77,No,No,3,3
5,Wednesday,3:30-4:45,E,60,59,1.67,No,No,3,3
5,Thursday,8:30-10:15,C,60,57,5.0,No,No,3,3
5,Thursday,10:30-12:15,X,0,0,0.0,No,Yes,0,0
5,Thursday,1:10-3:00,H,40,38,5.0,No,No,2,2
5,Thursday,3:30-4:45,X,0,0,0.0,No,Yes,0,0
5,Friday,8:30-10:15,D,39,34,12.82,No,No,2,2
5,Friday,10:30-12:15,B,65,58,10.77,No,No,4,3
5,Friday,1:10-3:00,X,0,0,0.0,No,Yes,0,0
5,Friday,3:30-4:45,Z,70,59,15.71,No,No,4,3
6,Monday,8:30-10:15,A,70,61,12.86,No,No,4,3
6,Monday,10:30-12:15,C,60,55,8.33,No,No,3,3
6,Monday,1:10-3:00,F,53,44,16.98,No,No,3,3
6,Monday,3:30-4:45,X,0,0,0.0,No,Yes,0,0
6,Tuesday,8:30-10:15,E,60,58,3.33,No,No,3,3
6,Tuesday,10:30-12:15,F,53,53,0.0,No,No,3,3
6,Tuesday,1:10-3:00,A,70,69,1.43,Yes,No,4,4
6,Tuesday,3:30-4:45,A,70,60,14.29,Yes,No,4,3
6,Wednesday,8:30-10:15,B,65,59,9.23,No,No,4,3
6,Wednesday,10:30-12:15,H,40,39,2.5,No,No,2,2
6,Wednesday,1:10-3:00,F,53,48,9.43,No,No,3,3
6,Wednesday,3:30-4:45,E,60,58,3.33,No,No,3,3
6,Thursday,8:30-10:15,C,60,52,13.33,No,No,3,3
6,Thursday,10:30-12:15,X,0,0,0.0,No,Yes,0,0
6,Thursday,1:10-3:00,H,40,36,10.0,No,No,2,2
6,Thursday,3:30-4:45,X,0,0,0.0,No,Yes,0,0
6,Friday,8:30-10:15,D,39,36,7.69,No,No,2,2
6,Friday,10:30-12:15,B,65,61,6.15,No,No,4,3
6,Friday,1:10-3:00,X,0,0,0.0,No,Yes,0,0
6,Friday,3:30-4:45,Z,70,61,12.86,No,No,4,3
7,Monday,8:30-10:15,A,70,65,7.14,No,No,4,4
7,Monday,10:30-12:15,C,60,59,1.67,No,No,3,3
7,Monday,1:10-3:00,F,53,52,1.89,No,No,3,3
7,Monday,3:30-4:45,X,0,0,0.0,No,Yes,0,0
7,Tuesday,8:30-10:15,E,60,48,20.0,No,No,3,3
7,Tuesday,10:30-12:15,F,53,43,18.87,No,No,3,2
7,Tuesday,1:10-3:00,A,70,60,14.29,Yes,No,4,3
7,Tuesday,3:30-4:45,A,70,66,5.71,Yes,No,4,4
7,Wednesday,8:30-10:15,B,65,52,20.0,No,No,4,3
7,Wednesday,10:30-12:15,H,40,34,15.0,No,No,2,2
7,Wednesday,1:10-3:00,F,53,45,15.09,No,No,3,3
7,Wednesday,3:30-4:45,E,60,55,8.33,No,No,3,3
7,Thursday,8:30-10:15,C,60,57,5.0,No,No,3,3
7,Thursday,10:30-12:15,X,0,0,0.0,No,Yes,0,0
7,Thursday,1:10-3:00,H,40,39,2.5,No,No,2,2
7,Thursday,3:30-4:45,X,0,0,0.0,No,Yes,0,0
7,Friday,8:30-10:15,D,39,32,17.95,No,No,2,2
7,Friday,10:30-12:15,B,65,59,9.23,No,No,4,3
7,Friday,1:10-3:00,X,0,0,0.0,No,Yes,0,0
7,Friday,3:30-4:45,Z,70,67,4.29,No,No,4,4
8,Monday,8:30-10:15,A,70,66,5.71,No,No,4,4
8,Monday,10:30-12:15,C,60,53,11.67,No,No,3,3
8,Monday,1:10-3:00,F,53,51,3.77,No,No,3,3
8,Monday,3:30-4:45,X,0,0,0.0,No,Yes,0,0
8,Tuesday,8:30-10:15,E,60,50,16.67,No,No,3,3
8,Tuesday,10:30-12:15,F,53,45,15.09,No,No,3,3
8,Tuesday,1:10-3:00,A,70,60,14.29,Yes,No,4,3
8,Tuesday,3:30-4:45,A,70,64,8.57,Yes,No,4,4
8,Wednesday,8:30-10:15,B,65,57,12.31,No,No,4,3
8,Wednesday,10:30-12:15,H,40,35,12.5,No,No,2,2
8,Wednesday,1:10-3:00,F,53,46,13.21,No,No,3,3
8,Wednesday,3:30-4:45,E,60,59,1.67,No,No,3,3
8,Thursday,8:30-10:15,C,60,55,8.33,No,No,3,3
8,Thursday,10:30-12:15,X,0,0,0.0,No,Yes,0,0
8,Thursday,1:10-3:00,H,40,40,0.0,No,No,2,2
8,Thursday,3:30-4:45,X,0,0,0.0,No,Yes,0,0
8,Friday,8:30-10:15,D,39,35,10.26,No,No,2,2
8,Friday,10:30-12:15,B,65,61,6.15,No,No,4,3
8,Friday,1:10-3:00,X,0,0,0.0,No,Yes,0,0
8,Friday,3:30-4:45,Z,70,68,2.86,No,No,4,4
9,Monday,8:30-10:15,A,70,69,1.43,No,No,4,4
9,Monday,10:30-12:15,C,60,53,11.67,No,No,3,3
9,Monday,1:10-3:00,F,53,51,3.77,No,No,3,3
9,Monday,3:30-4:45,X,0,0,0.0,No,Yes,0,0
9,Tuesday,8:30-10:15,E,60,49,18.33,No,No,3,3
9,Tuesday,10:30-12:15,F,53,47,11.32,No,No,3,3
9,Tuesday,1:10-3:00,A,70,65,7.14,Yes,No,4,4
9,Tuesday,3:30-4:45,A,70,62,11.43,Yes,No,4,4
9,Wednesday,8:30-10:15,B,65,65,0.0,No,No,4,4
9,Wednesday,10:30-12:15,H,40,32,20.0,No,No,2,2
9,Wednesday,1:10-3:00,F,53,48,9.43,No,No,3,3
9,Wednesday,3:30-4:45,E,60,51,15.0,No,No,3,3
9,Thursday,8:30-10:15,C,60,59,1.67,No,No,3,3
9,Thursday,10:30-12:15,X,0,0,0.0,No,Yes,0,0
9,Thursday,1:10-3:00,H,40,36,10.0,No,No,2,2
9,Thursday,3:30-4:45,X,0,0,0.0,No,Yes,0,0
9,Friday,8:30-10:15,D,39,35,10.26,No,No,2,2
9,Friday,10:30-12:15,B,65,53,18.46,No,No,4,3
9,Friday,1:10-3:00,X,0,0,0.0,No,Yes,0,0
9,Friday,3:30-4:45,Z,70,62,11.43,No,No,4,4
10,Monday,8:30-10:15,A,70,63,10.0,No,No,4,4
10,Monday,10:30-12:15,C,60,57,5.0,No,No,3,3
10,Monday,1:10-3:00,F,53,49,7.55,No,No,3,3
10,Monday,3:30-4:45,X,0,0,0.0,No,Yes,0,0
10,Tuesday,8:30-10:15,E,60,54,10.0,No,No,3,3
10,Tuesday,10:30-12:15,F,53,48,9.43,No,No,3,3
10,Tuesday,1:10-3:00,A,70,70,0.0,Yes,No,4,4
10,Tuesday,3:30-4:45,A,70,58,17.14,Yes,No,4,3
10,Wednesday,8:30-10:15,B,65,53,18.46,No,No,4,3
10,Wednesday,10:30-12:15,H,40,39,2.5,No,No,2,2
10,Wednesday,1:10-3:00,F,53,47,11.32,No,No,3,3
10,Wednesday,3:30-4:45,E,60,59,1.67,No,No,3,3
10,Thursday,8:30-10:15,C,60,52,13.33,No,No,3,3
10,Thursday,10:30-12:15,X,0,0,0.0,No,Yes,0,0
10,Thursday,1:10-3:00,H,40,38,5.0,No,No,2,2
10,Thursday,3:30-4:45,X,0,0,0.0,No,Yes,0,0
10,Friday,8:30-10:15,D,39,34,12.82,No,No,2,2
10,Friday,10:30-12:15,B,65,56,13.85,No,No,4,3
10,Friday,1:10-3:00,X,0,0,0.0,No,Yes,0,0
10,Friday,3:30-4:45,Z,70,59,15.71,No,No,4,3
11,Monday,8:30-10:15,A,70,68,2.86,No,No,4,4
11,Monday,10:30-12:15,C,60,49,18.33,No,No,3,3
11,Monday,1:10-3:00,F,53,51,3.77,No,No,3,3
11,Monday,3:30-4:45,X,0,0,0.0,No,Yes,0,0
11,Tuesday,8:30-10:15,E,60,60,0.0,No,No,3,3
11,Tuesday,10:30-12:15,F,53,47,11.32,No,No,3,3
11,Tuesday,1:10-3:00,A,70,65,7.14,Yes,No,4,4
11,Tuesday,3:30-4:45,A,70,58,17.14,Yes,No,4,3
11,Wednesday,8:30-10:15,B,65,54,16.92,No,No,4,3
11,Wednesday,10:30-12:15,H,40,37,7.5,No,No,2,2
11,Wednesday,1:10-3:00,F,53,43,18.87,No,No,3,2
11,Wednesday,3:30-4:45,E,60,57,5.0,No,No,3,3
11,Thursday,8:30-10:15,C,60,54,10.0,No,No,3,3
11,Thursday,10:30-12:15,X,0,0,0.0,No,Yes,0,0
11,Thursday,1:10-3:00,H,40,38,5.0,No,No,2,2
11,Thursday,3:30-4:45,X,0,0,0.0,No,Yes,0,0
11,Friday,8:30-10:15,D,39,32,17.95,No,No,2,2
11,Friday,10:30-12:15,B,65,63,3.08,No,No,4,4
11,Friday,1:10-3:00,X,0,0,0.0,No,Yes,0,0
11,Friday,3:30-4:45,Z,70,69,1.43,No,No,4,4
12,Monday,8:30-10:15,A,70,64,8.57,No,No,4,4
12,Monday,10:30-12:15,C,60,48,20.0,No,No,3,3
12,Monday,1:10-3:00,F,53,44,16.98,No,No,3,3
12,Monday,3:30-4:45,X,0,0,0.0,No,Yes,0,0
12,Tuesday,8:30-10:15,E,60,51,15.0,No,No,3,3
12,Tuesday,10:30-12:15,F,53,44,16.98,No,No,3,3
12,Tuesday,1:10-3:00,A,70,57,18.57,Yes,No,4,3
12,Tuesday,3:30-4:45,A,70,63,10.0,Yes,No,4,4
12,Wednesday,8:30-10:15,B,65,61,6.15,No,No,4,3
12,Wednesday,10:30-12:15,H,40,34,15.0,No,No,2,2
12,Wednesday,1:10-3:00,F,53,46,13.21,No,No,3,3
12,Wednesday,3:30-4:45,E,60,56,6.67,No,No,3,3
12,Thursday,8:30-10:15,C,60,59,1.67,No,No,3,3
12,Thursday,10:30-12:15,X,0,0,0.0,No,Yes,0,0
12,Thursday,1:10-3:00,H,40,34,15.0,No,No,2,2
12,Thursday,3:30-4:45,X,0,0,0.0,No,Yes,0,0
12,Friday,8:30-10:15,D,39,37,5.13,No,No,2,2
12,Friday,10:30-12:15,B,65,53,18.46,No,No,4,3
12,Friday,1:10-3:00,X,0,0,0.0,No,Yes,0,0
12,Friday,3:30-4:45,Z,70,67,4.29,No,No,4,4
